Location,Number,Avg_Cost
Cubbon Road,1,1900.0
Ashok Nagar,2,1486.0
Defence Colony,7,1167.7142857142858
Yemlur,9,1093.388888888889
Church Street,2,1068.0
D Souza Layout,1,1015.0
Sadashiva Nagar,10,1011.1
Sindhi Colony,1,988.0
Srinivas Colony,2,922.0
5th Block Jayanagar,3,905.0
Binnamangala,1,900.0
Cunningham Road,13,824.3846153846154
Hunasamaranahalli,2,787.5
2nd Block Koramangala,2,761.0
Shanthala Nagar,5,754.0
Dollars Colony,8,744.375
Kathreguppe,2,725.0
Sector 4 HSR Layout,1,700.0
Rest House Road,2,690.0
Ramakrishnappa Layout,7,662.8571428571429
"6th block banashankari 3rd stage, 100 feet ORR",1,660.0
1A Block Koramangala,1,650.0
Langford Gardens,2,649.5
Vasanth nagar,8,641.125
Indiranagar HAL 2nd Stage,1,640.0
Richmond Road,1,630.0
Sathya Sai Layout,8,609.25
Koramangala Industrial Layout,2,575.0
Rahat Bagh,1,550.0
5 Bedroom Farm House in Lakshmipura,1,550.0
Dodsworth Layout,10,538.2
Race Course Road,2,525.0
Jp nagar 8th Phase .,1,525.0
5th block Koramangala,1,520.0
Ramamohanapuram,1,500.0
Palanahalli,3,492.6666666666667
1Hanuman Nagar,1,490.0
Thanisandra main road,4,483.0
Infantry Road,2,472.5
2nd Block Jayanagar,4,467.5
Sector 6 HSR Layout,4,465.0
Millers Road,1,460.0
Kasthuri Nagar East Of NGEF,1,460.0
 south,2,445.0
Basaveswarnagar,1,420.0
Ngef Layout,4,419.0
Vaishnavi Layout,4,412.5
Achins Road,1,410.0
Xavier Layout,1,400.0
Jaymahal Road,1,400.0
Chikkagubbi,1,400.0
BTM Layout 2nd Stage 1st Phase,1,395.0
Kumara Park,6,392.8333333333333
Lavelle Road,5,386.2
Byadarahalli,8,384.5
SBM Colony,2,377.5
7th Block Jayanagar,5,376.0
Hsr layout sector3,1,375.0
Kodihalli,15,367.73333333333335
Lalbagh Road,1,367.0
3rd Block Banashankari,5,366.6
BEL Road,4,365.75
RMV,3,363.3333333333333
"beml layout, basaveshwara nagar",1,360.0
Havanur extension,1,360.0
1 Giri Nagar,1,360.0
Malleshwaram,58,358.2637931034483
Dollars Layout,3,356.0
Viviani Road,1,350.0
Sadanand Nagar,2,350.0
Jaya Nagar East,1,350.0
J P Nagar 7th Phase Ramayya City,1,350.0
CMH Road,1,350.0
4th Block Koramangala,9,348.55555555555554
Benson Town,15,346.7433333333333
Jayamahal,3,346.6666666666667
St. John's Road,2,345.0
"Off Sarjapur road, ",1,342.0
8th Block Jayanagar,4,340.0
HAL 2nd Stage,11,339.27272727272725
Prashanth Nagar,3,336.6666666666667
Versova Layout,2,335.0
Jayamahal Extension,2,335.0
Dairy Circle,10,333.6
Rajaji Nagar,107,327.69308411214956
Huttanahalli,1,325.0
Chikkabidarakallu,1,325.0
Chaitanya Ananya,1,325.0
"Beml layout, Rajarajeshwari nagar",1,325.0
BEML Layout 5th Stage,1,325.0
Gopalapura,6,324.6666666666667
"RMV extension stage 2, rmv extension",1,324.0
Domlur Layout,3,318.3333333333333
Siddapura,6,314.1666666666667
Bommenahalli,13,312.6923076923077
Muthurayya Swamy Layout,2,310.0
Dollar Scheme Colony,2,310.0
Vittal Mallya Road,1,300.0
Kalasipalya,1,300.0
"Gubbi Cross, Hennur Main Road",1,300.0
Geetanjali Layout,1,300.0
B K Nagar,1,300.0
4th Block Jayanagar,4,300.0
Mahalakshmi Layout,13,294.84615384615387
Bettahalsoor,3,294.3333333333333
Omarbagh Layout,2,293.25
Shetty Halli,2,291.0
Puttappa Layout,1,290.0
Sector 1 HSR Layout,9,288.22222222222223
Nandi Durga Road,2,287.5
Indira Nagar,44,286.3181818181818
2nd Block Hrbr Layout,7,285.57142857142856
"asha township, off hennur road",1,285.0
Pulikeshi Nagar,1,285.0
1st Block Koramangala,10,283.45
Chikku Lakshmaiah Layout,2,282.5
4th T block Jayanagar,7,280.42857142857144
Vidya Nagar,1,280.0
Richmond Town,9,279.55555555555554
RMV 2nd Stage,7,277.0
 Sector 1 HSR Layout,1,276.0
"white field,kadugodi",1,275.0
CQAL Layout,2,275.0
Bapuji Layout,1,275.0
1Hoysalanagar,1,275.0
Giri Nagar,14,273.14285714285717
Victoria Layout,7,268.14285714285717
frazertown,2,267.5
KR Layout,3,260.3333333333333
6th block Koramangala,5,259.91999999999996
Meenakunte,6,255.83333333333334
6th Block Jayanagar,1,255.0
Cambridge Layout,8,251.875
sarjapura main road,1,250.0
Yeshwanthpur Industrial Suburb,3,250.0
Lakkasandra Extension,1,250.0
Dhanalakshmi Layout,1,250.0
1st Stage Radha Krishna Layout,1,250.0
Frazer Town,36,246.73472222222225
Wilson Garden,7,245.71428571428572
Nandi Hills,2,245.0
M C Layout,1,245.0
Sarakki Nagar,14,241.87357142857144
Tharabanahalli,1,240.0
Milk Colony,1,240.0
Junnasandra,1,240.0
Gandhi Bazar,2,240.0
Cooke Town,16,239.0625
Varsova Layout,4,238.375
Ulsoor,21,237.23809523809524
Cholanayakanahalli,7,236.42857142857142
Ring Road Nagarbhavi,1,235.0
Sanjeevini Nagar,3,233.33333333333334
Lottegolla Halli,3,231.66666666666666
1st Block HBR Layout,3,231.66666666666666
3rd Phase JP Nagar,3,231.33333333333334
RK Colony,1,230.0
ITI Employees Layout,1,230.0
Binny Mills Employees Colony,1,230.0
2Electronic City Phase II,1,230.0
9th Block Jayanagar,5,228.0
Banashankari Stage II,16,226.4075
Munivenkatppa Layout,5,226.0
Yediyur,1,225.0
GKW Layout,1,225.0
Ashraya Layout,1,225.0
AECS LAYOUT A-BLOCK Singasandra,1,225.0
Doddanekundi,6,221.23333333333335
2nd Stage Nagarbhavi,24,220.83333333333334
Iblur Village,25,220.4
Meenakshi Layout,1,220.0
Housing Board Layout Vijay Nagar,1,220.0
Brigade Road,1,220.0
3rd Block Koramangala,2,220.0
Bileshivale,6,219.5
Chamrajpet,15,216.994
"Pai layout , Mahadevapura",1,214.0
"Banaswadi, ",1,214.0
Mahalakshmi Puram,8,211.625
Richards Town,7,211.42857142857142
Ramaswamy Palya - Kammanahalli Main Road,1,210.0
Annapurneshwari Nagar,2,210.0
1st Block HRBR Layout,8,209.625
Postal Colony,2,209.0
Indra Nagar,2,209.0
Ganesha Block,2,209.0
Palace Guttahalli,4,207.5
Govindaraja Nagar Ward,2,207.5
1st Block Jayanagar,14,207.5
Jaya Mahal layout,2,206.5
Judicial Layout,16,206.45749999999998
8th block Koramangala,7,206.14285714285714
"Bellandur, ",1,206.0
Rajarajeshwarinagar,2,205.0
Near ullas theater,1,205.0
"2nd phase jp nagar, jp nagar",1,205.0
Krishna Reddy Layout,3,204.33333333333334
Koramangala,72,203.9590277777778
Hanumantha Nagar,3,203.33333333333334
5th Block Hbr Layout,12,202.75
Jayanagar,7,202.42857142857142
vinayakanagar,1,200.0
Subramanyanagar,1,200.0
Sri Kanteshwara Nagar,1,200.0
Old Town,1,200.0
Michael Palaya,1,200.0
M.G Road,1,200.0
CR Layout,1,200.0
Bharath Housing Society Layout,1,200.0
2 Bedroom Furnished Farm House in Kolar Road,1,200.0
1Kasavanhalli,1,200.0
12th cross srinivas nagar banshankari 3rd stage,1,200.0
HAL 3rd Stage,2,199.5
Indira Nagar 3rd Stage,1,199.0
1st Stage Indira Nagar,5,195.8
Hebbal Kempapura,34,193.2941176470588
Bagalur Main Road,4,193.0
Lakshmiamma Garden,2,192.5
B Channasandra,3,191.33333333333334
cooketown,2,191.0
Harappanahalli,3,191.0
Anand Nagar,6,190.83333333333334
pavitra paradise,1,190.0
Sector 3 HSR Layout,1,190.0
Prasanti Nagar,1,190.0
High grounds,1,190.0
6th Block Rajaji Nagar,1,190.0
Konanakunte,13,189.23076923076923
Konena Agrahara,3,189.0
"Haralur Road, ",1,189.0
Basavangudi,31,188.69354838709677
Sri Balaji Krupa Layout,3,188.33333333333334
Lakkasandra,2,188.0
Outer Ring Road East,8,187.0
Vijaya Bank Layout,7,185.92857142857142
Ambedkar Nagar,31,185.19354838709677
Ullal Road,3,185.0
J.P.nagar 6th Phase.Sarakki Nagar,1,185.0
Chamundi Nagar,2,185.0
Andrahalli,2,185.0
Abshot Layout,1,185.0
Old Airport Road,33,184.080303030303
BCC Layout,4,183.75
Basaveshwara Nagar,21,183.61904761904762
Venkatapura,6,183.25
Srirampuram,5,182.2
D Group Employees Layout,3,182.0
Shanti Nagar,8,181.5
Raghuvanahalli,5,180.85999999999999
Sahyadri Layout,1,180.0
Navodaya Nagar,1,180.0
Nagarbhavi Garden Villas Layout,1,180.0
Mukkutam Nagar,1,180.0
Maruthi Extension,1,180.0
Bharat Nagar,1,180.0
Hosakerehalli,36,179.60333333333332
Anjana Nagar,2,177.5
Bank Of Baroda Colony,7,176.28571428571428
SK Garden,1,175.0
Basvasamithi Layout Vidyaranyapura,1,175.0
Gidada Konnenahalli,2,172.5
Kengeri Satellite Town ( BDA SITE),1,172.0
Bikasipura,4,171.25
1st Phase JP Nagar,25,170.7
Vinayaka Layout,1,170.0
Banashankari Stage I,1,170.0
3rd Block Jayanagar,3,170.0
1 Ramamurthy Nagar,1,170.0
Queens Road,1,169.0
Cottonpet,5,169.0
2nd Stage Arekere Mico Layout,3,169.0
Veer Sandra,2,168.0
Sector 7 HSR Layout,13,167.57615384615386
1st Block BEL Layout,2,167.5
Rajankunte,3,167.03666666666666
"JP Nagar 8th Phase, ",2,166.0
Doddaballapur,12,165.79166666666666
Jakkur Plantation,9,165.22222222222223
anjananager magdi road,1,165.0
Shankarapuram,4,165.0
Muthyala Nagar,1,165.0
"Jayanagar, ",1,165.0
Halanayakanahalli,1,165.0
BHEL Layout,3,165.0
5th Stage BEML Layout,3,165.0
BTM 1st Stage,10,164.1
Devanahalli Int. Airport,3,164.0
Domlur,22,163.77272727272728
RMC YARD,1,162.0
2nd Phase JP Nagar,9,161.94444444444446
Hebbal,177,160.81491525423726
t.c palya,1,160.0
near Ramanashree California resort,1,160.0
West of Chord Road,1,160.0
Vijay Nagar,1,160.0
Somanna Garden,1,160.0
Shivanagar,1,160.0
Mathikere SBM colony,1,160.0
Kuvempu Layout,1,160.0
Kalhalli,1,160.0
Deepanjali Nagar,1,160.0
CQAL LAYOUT C BLOCK,1,160.0
Mathikere Extension,3,159.16666666666666
Laxmi Sagar Layout,4,159.0
Ambedkar Colony,7,158.85714285714286
Teachers Colony,2,158.5
Nagasandra,12,157.83333333333334
BTM 2nd Stage,29,156.0344827586207
Manjunath Nagar,4,156.0
"Banasawadi, ",1,156.0
Mudalpalaya,1,155.0
Thigalarapalya,62,154.47629032258064
Arishinakunte,3,153.33333333333334
Syndicate Bank Colony,2,153.0
Kamakya Layout,3,152.66666666666666
Kempapura,2,152.5
Bhoopsandra,2,152.5
"HSR Layout 7th sector, ",1,152.0
Rajarajeshwari nagar,3,151.70666666666668
Rajarajeshwari Nagara,3,151.70666666666668
Srirampura,6,151.16666666666666
OLd Gurappanapalya,4,151.0
Binny Pete,21,150.19571428571427
"Yelahanka,MVIT college",1,150.0
Vijaypura,1,150.0
Subramanya Nagar,1,150.0
Prakruthi Township,1,150.0
"Near Electronic City, ",1,150.0
Kumbhena Agrahara,1,150.0
Grihalakshmi Layout,1,150.0
Goraguntepalya,1,150.0
Gnana Bharathi,2,150.0
Doddanakunte,1,150.0
Chikkabettahalli,1,150.0
Bahubali Nagar,1,150.0
Annasandrapalya,1,150.0
Amrita Nagar,1,150.0
1 Immadihalli,1,150.0
1 Annasandrapalya,1,150.0
Kodbisanhalli,8,149.75
Someshwara Layout,2,149.5
Langford Town,4,149.0
New Thippasandra,6,148.29999999999998
Craig Park Layout,1,148.0
Banagiri Nagar,9,146.80555555555554
HMT Layout,5,145.6
Devanahalli Road,2,145.5
Vivek Nagar,2,145.0
Neelasandra,1,145.0
Laxminarayana Layout,1,145.0
Bennigana Halli,1,145.0
AGB Layout,1,145.0
Prithvi Layout,13,144.96153846153845
HRBR Layout,19,144.81578947368422
Keshava Nagar,7,144.28571428571428
Doopanahalli,5,143.8
3rd Block Hrbr Layout,7,143.57142857142858
Patelappa Layout,2,143.5
Hosahalli Extension,5,143.0
Gkvk Layout,3,143.0
Vaderahalli,2,142.5
NS Palya,4,142.25
Kuvempu Nagar,4,141.25
Jeevan bima nagar,7,141.14285714285714
Banaswadi,16,140.96875
Nagawara Junction,6,140.66666666666666
Padmanabhanagar,28,140.6314285714286
Amblipura,6,140.16666666666666
singapura paradise,1,140.0
"Thanisandra Main Road, ",3,140.0
Sarvobhogam Nagar,1,140.0
Sampangirama Nagar,1,140.0
RMV Extension Stage 2,2,140.0
Prasanna layout Herohalli,1,140.0
Pattegarhpalya,1,140.0
Old Mangammanapalya Road,1,140.0
Bull Temple Road,1,140.0
B Y Raveshwara Nagar,1,140.0
Anekal - Hosur Road,1,140.0
Karuna Nagar,12,139.33333333333334
Thyagaraja Nagar,11,139.02272727272728
Kamala Nagar,4,139.0
"EPIP AREA, WHITEFIELD",1,139.0
Marasandra,3,138.66666666666666
R.T. Nagar,36,138.30555555555554
Rainbow Drive,1,138.0
BTM Layout 1stage 9th Main,1,138.0
4th Block HBR Layout,1,138.0
Hegde Nagar,49,137.9561224489796
Palace Road,2,137.5
Kumbalgodu,2,137.5
Arasanakunte,1,137.0
Seegehalli,25,136.7416
Ramesh Nagar,3,136.66666666666666
Maruthi Sevanagar,7,135.71428571428572
KAMAKIYA,1,135.0
Jakkur,71,134.90028169014082
EPIP Zone,23,134.86260869565217
"Sarjapur Road, ",8,133.5
Attur Layout,5,133.0
Kundalahalli,47,132.65765957446808
OMBR Layout,19,132.39473684210526
A Narayanapura,5,132.0
Poornapragna Housing Society Layout,4,131.9
Ramagondanahalli,50,131.6758
HBR Layout,20,131.3
Ardendale,24,131.05208333333334
Srinagar,3,131.0
Kathriguppe IV Phase,1,131.0
Ashwathnagar,6,130.83333333333334
Himagiri Meadows,3,130.33333333333334
Sadahalli,1,130.0
Nanjappa Garden,2,130.0
Kanakapura Road,1,130.0
Jogupalya,1,130.0
Defence Layout,1,130.0
Bande Nallasandra,1,130.0
Banagirinagar,1,130.0
7th Block Koramangala,1,130.0
MS Pallya,8,129.75
Basaveshwara Nagar Yelahanka,7,129.42857142857142
Doddabommasandra,7,128.85714285714286
ISRO Layout,13,128.46153846153845
Maruthi Nagar,5,128.4
Chandra Layout,9,128.34444444444443
Vishveshwarya Layout,13,128.15384615384616
Whitefield,540,128.0123240740741
poornaprajna layout,1,128.0
RR Layout,2,128.0
Fraser town,1,128.0
Kasturi Nagar,16,127.96875
4th Phase JP Nagar,4,126.725
Sampangi Rama Nagar,3,126.66666666666667
Cox Town,12,126.66666666666667
Sanjay nagar,20,126.35999999999999
Ferrar Nagar,3,126.33333333333333
Harohalli,2,126.0
Bapuji Nagar,1,126.0
JP Nagar,72,125.82020833333334
Mathikere,9,125.55555555555556
Shivaji Nagar,13,125.42307692307692
Pampa Extension,3,125.16666666666667
Kadubeesanahalli,13,125.15384615384616
Mango Garden Layout,1,125.0
Banashankari3rd stage bigbazar,1,125.0
1Channasandra,1,125.0
 Devarabeesana Halli,6,124.83333333333333
New Gurappana Palya,5,124.8
IVC Road,1,124.0
Dooravani Nagar,4,123.75
SMV layout,3,123.66666666666667
Gaurava Nagar,2,123.0
Bidadi,3,122.66666666666667
Lakshmi Layout,4,122.5
Green Domain Layout,2,122.5
Cleveland Town,2,122.5
Bendiganahalli,2,122.5
Bannerghatta,18,121.70555555555555
Nagarbhavi,63,121.62222222222222
Banashankari Stage III,27,121.02148148148147
Kalyan nagar,19,120.8157894736842
Munnekollal,24,120.62208333333335
BEML Layout,13,120.38461538461539
akshaya nagar t c palya,1,120.0
Vayunandana Layout,1,120.0
Sir M V Nagar,1,120.0
Okalipura,1,120.0
N R Layout,1,120.0
Marathalli bridge,1,120.0
Lakshmipura Vidyaanyapura,1,120.0
Kaveri Nagar,3,120.0
K N Extension,1,120.0
Jay an agar 4 T Block,1,120.0
Handenahalli,1,120.0
Bharathnagar,1,120.0
Agara Village,1,120.0
Devanahalli,45,119.8391111111111
Hennur Gardens,7,119.57142857142857
Kammanahalli,17,119.52941176470588
Vijayanagar,42,119.15547619047618
Old Madras Road,71,119.01098591549294
Sarjapur  Road,399,118.94096491228073
Brookefield,47,118.48936170212765
Gokula Extension,3,118.33333333333333
Green Glen Layout,39,118.04615384615386
Upkar Layout,4,117.5125
Vyalikaval,2,117.5
M V Extenstion,2,117.5
Guni Agrahara,2,117.5
Rajiv Nagar,13,117.44769230769231
Kundalahalli Colony,7,116.71428571428571
Lal Bahadur Shastri Nagar,2,116.5
Kasavanhalli,80,116.44449999999999
Shantiniketan Layout,6,116.33333333333333
Kumaraswami Layout,30,115.71666666666667
Dinnur,3,115.66666666666667
Lingadheeranahalli,23,115.34826086956521
Chikka Tirupathi,17,115.01588235294118
sapthagiri Layout,1,115.0
"Yemlur, Old Airport Road, ",1,115.0
Papareddipalya,1,115.0
Off Bannergatta road,1,115.0
Nanjappa Layout Vidyaranyapura,1,115.0
LIC Colony,1,115.0
Krishna Nagar,2,115.0
Hennur Bande,6,114.66666666666667
KR Garden,5,114.6
ITI Layout,6,113.71166666666666
Basavanagara,5,113.6
Banashankari Stage VI,16,113.49875
Brindavan Nagar,3,113.33333333333333
Seshadripuram,3,113.0
Singena Agrahara,4,112.25
Challaghatta,2,112.0
Ejipura,9,111.55555555555556
Jnanabharathi Layout,4,110.5
Dwarka Nagar,2,110.375
VHBCS Layout,3,110.0
Surabhi Layout,3,110.0
Sundara Nagar,1,110.0
Subhash Nagar,1,110.0
Sathanur,1,110.0
RTO ullalu,1,110.0
Marathi Layout,1,110.0
Hal old airport road,1,110.0
Hadosiddapura,2,110.0
Devarabeesana Halli,1,110.0
Cambridge  road,1,110.0
Billapura,1,110.0
Bhuvaneswari Nagar,3,110.0
Behind Don Bosco Church,1,110.0
Arekempanahalli,1,110.0
 ittamadu,1,110.0
Harlur,79,109.87544303797468
Banashankari,75,109.54960000000001
Kanaka Nagar,8,109.25
Nagavara,17,109.01235294117647
Ullal Uppanagar,3,108.66666666666667
Thurahalli,3,108.33333333333333
Canara Bank Layout,3,108.33333333333333
Thavarekere,1,108.0
Hanuman Nagar,1,108.0
Marenahalli,2,107.5
Kattigenahalli,8,107.125
Nobo Nagar,3,106.66666666666667
Dodda Nekkundi,29,106.58413793103446
Arekere,17,106.32352941176471
Talaghattapura,40,106.19474999999997
Devasandra Extension,2,106.0
Bellari Road,5,105.958
Jakkasandra Extension,5,105.6
6th Phase JP Nagar,23,105.38695652173914
Coffee Board Layout,3,105.33333333333333
T Dasarahalli,4,105.0
Kodanda Reddy Layout,1,105.0
BEL Layout,1,105.0
Avalahalli,5,104.65799999999999
Kyalasanahalli,2,104.5
Sahakara Nagar,39,104.36282051282052
Ambalipura,27,104.32703703703703
Hennur Road,152,103.50753289473683
Gubbalala,26,103.11769230769232
Near International Airport,2,103.0
Sultan Palaya,14,102.57142857142857
Murugeshpalya,14,102.57142857142857
Vibuthipura,2,102.5
V.V Puram,2,102.5
Guddadahalli,2,102.5
Billamaranahalli,2,102.5
Kodigehalli,11,102.33272727272725
Marathahalli,175,102.21371428571427
Vishwanatha Nagenahalli,9,102.11111111111111
Jakkasandra,1,102.0
Byatarayanapura,7,102.0
Laggere,12,101.91666666666667
Kempegowda Nagar,2,101.5
Ex-Servicemen Colony Dinnur Main Road R.T.Nagar,1,101.0
Bagalakunte,6,101.0
Tindlu,11,100.61818181818181
7th Phase JP Nagar,149,100.52295302013424
Nagadevanahalli,10,100.5
Kothnur Narayanapura,3,100.5
Kirloskar Layout,4,100.5
Carmelaram,5,100.171
HSR Layout,53,100.16981132075472
Bhoganhalli,49,100.04469387755101
Wajid layout thanisandra,1,100.0
Veerabhadra Nagar,1,100.0
Uvce Layout,1,100.0
Rammana Layout,1,100.0
Malur Hosur Road,1,100.0
Double Road,1,100.0
Chikkaballapur,1,100.0
CHIKKATIRUPATHI,1,100.0
"Banashankari 6th stage , 2nd block",1,100.0
"Banashankari 6th Stage ,Subramanyapura",1,100.0
"Banashankari 3rd stage, Vivekanandanagar",1,100.0
3rd Block HBR Layout,1,100.0
BTM Layout,17,99.51823529411764
Gunjur,22,99.21545454545458
Pulkeshi Nagar,2,99.1
Hullahalli,1,99.0
Classic Paradise Layout,2,99.0
Bank Avenue,1,99.0
Yeshwanthpur,85,98.68641176470588
Nayandanahalli,6,98.5
Chikkasandra,4,98.5
Bannerghatta Road,152,98.01993421052632
Williams Town,1,98.0
"Whietfield, ",1,98.0
Vidyapeeta,1,98.0
Rahmath Nagar,1,98.0
Manganahalli,1,98.0
Konanakunte Cross,4,98.0
Uday Nagar,2,97.5
Anand nagar,2,97.5
Lakshminarayana Pura,36,97.13888888888889
Kadugodi,42,96.41357142857143
Indira Nagar Stage 2,1,96.0
Kothanur,66,95.63030303030304
Tavarekere,4,95.5
Billekahalli,18,95.42277777777778
Badavala Nagar,12,95.22083333333335
kamanahalli main road,1,95.0
T G extension,1,95.0
SHANTHINAGAR,1,95.0
RPC layout,3,95.0
Mullur,1,95.0
"Kanakapura Road, ",1,95.0
Kanakadasa Layout,1,95.0
Banashankari 2nd Stage,1,95.0
RMV Extension,5,94.8
Sunder Ram Shetty Nagar,2,94.5
Akshayanagara East,8,94.4525
Sarjapur,82,94.40676829268293
Choodasandra,26,94.39307692307692
Brindavan Layout,2,94.34
Jinkethimmanahalli,3,94.33333333333333
J C Nagar,3,94.33333333333333
Akshaya Vana,8,94.25
Jalahalli,52,94.15278846153848
Srinivasa Nagar,6,93.99000000000001
Garden Layout,1,93.93
Vidyaranyapura,43,93.62209302325581
Hosur Road,47,93.36021276595746
Escorts Colony,1,93.0
Manjunatha Layout,2,92.5
Kogilu,25,92.46719999999998
Kavika Layout,3,92.33333333333333
Sarvabhouma Nagar,3,92.0
Pillahalli,1,92.0
2nd Block Bel Layout,2,92.0
Basavanna Nagar,4,91.875
banashankari stage iii sa,1,91.72
Hoodi,88,91.65022727272725
Narayanapura,11,91.57090909090908
Esther Enclave Layout,3,91.33333333333333
Anantapura,3,91.33333333333333
Bellandur,96,91.19333333333331
Tala Cauvery Layout,4,91.0
Vishwapriya Nagar,5,90.8
Thubarahalli,22,90.685
Manorayana Palya,3,90.66666666666667
Udaya Nagar,4,90.5
Amruthahalli,24,90.22916666666667
Kannamangala,18,90.10944444444445
Shettihalli,1,90.0
Sampige Layout,1,90.0
Narayanappa Layout,1,90.0
MRCR Layout,1,90.0
"MEI layout, Bagalgunte",1,90.0
Kariyammana Agrahara,2,90.0
Gokaula Extension,1,90.0
Gayathri Nagar,1,90.0
Ganganahalli,1,90.0
Doctor Layout Rayasandra,1,90.0
Chokkahalli,1,90.0
Byappanahalli,1,90.0
Bettadasanapura,1,90.0
Kaverappa Layout,9,89.88888888888889
Yelachenahalli,20,89.825
Hiremath Layout,5,89.6
9th Phase JP Nagar,43,89.58372093023256
Raghavendra Layout,2,89.5
Hosakerehalli Layout,2,89.5
Nagashetty Halli,5,89.2
Rustam Bagh Layout,6,89.16666666666667
Vadarpalya,3,89.0
Balepet,1,89.0
Tigalarpalya,2,88.5
MCECHS  layout,4,88.5
Ramamurthy Nagar,73,88.40205479452054
Jagadish Nagar,1,88.0
Badrappa Layout,1,88.0
Amco Colony,1,88.0
Dodda Nekkundi Extension,8,87.9375
Nagaraja Garden,5,87.78
Chikkakannalli,2,87.5
Kamakshipalya,9,87.44444444444444
Neeladri Nagar,13,87.26923076923077
Gopalkrishna Nagar,8,87.25
"Off Sarjapur Road, ",5,87.2
bsk 6th stage 2ad block near sri conversation hall,1,87.0
RBI Layout,1,87.0
Off Bannergatta Road,1,87.0
Dasappa Layout,3,87.0
Ramanjaneyanagar,5,86.678
Thippasandra,3,86.66666666666667
Dodda Banaswadi,6,86.66666666666667
Nehru Nagar,11,86.37272727272727
5th Phase JP Nagar,39,86.11282051282052
Yelahanka,213,86.09866197183098
NRI Layout,14,86.0657142857143
Rukmaiah Layout,1,86.06
Sector 2 HSR Layout,16,86.025625
Mico Layout,12,86.02083333333333
,1,86.0
Hulimavu,52,85.91884615384616
ITPL,12,85.88
Agrahara Dasarahalli,3,85.66666666666667
Akshaya Nagar,62,85.34516129032258
Viswapriyanagar.begur Road.bommanahalli.,1,85.0
T c palya,1,85.0
Sundar Ram Shetty Nagar,1,85.0
Subbannaiah Palya,1,85.0
Shirdi Sai Nagar,1,85.0
Nagarbhavi  BDA Complex,1,85.0
Medi Agrahara,1,85.0
Coconut Garden,2,85.0
BEML Layout 5th stage,1,85.0
Ittamadu,8,84.75
KR Puram,91,84.62961538461539
Gowdanapalya,4,84.5
Sathya Layout,3,84.33333333333333
Kammagondahalli,4,84.125
Banjara Layout,11,84.11818181818181
Nandini Layout,3,84.0
Medaralli,1,84.0
Yelahanka New Town,41,83.86585365853658
Kudlu Gate,39,83.57192307692308
"JP Nagar 7th Phase, ",2,83.5
Garudachar Palya,18,83.37277777777777
Lakshmipura,3,83.33333333333333
Dasarahalli,17,83.01235294117647
Remco Bhel Layout,2,83.0
Haralur Road,142,82.81415492957747
Thanisandra,234,82.72559829059826
Jayanti Nagar,3,82.49666666666667
Ashwath Nagar,7,82.28571428571429
T R Mill Road,1,82.0
Jnana Ganga Nagar,3,82.0
Aishwarya Crystal Layout,2,82.0
Vijinapura,2,81.905
Manayata Tech Park,8,81.875
Ilyas Nagar,3,81.66666666666667
Hoodi Layout,2,81.5
Raghavendra Nagar,3,81.09
Shanthi Layout,2,81.0
Raja Rajeshwari Nagara,1,81.0
Poorna Pragna Layout,20,80.78699999999999
Kodigehaali,13,80.6923076923077
Malleshpalya,17,80.05058823529413
kg halli jalhalli west,1,80.0
arudi,1,80.0
SARJAPUR BAGALUR ROAD,1,80.0
Rajasree Layout,2,80.0
Nrupathunga Nagar,1,80.0
Indranagar  100ft road defence colony,1,80.0
Gandhi Nagar,1,80.0
"ECC Road, Whitefield, ",2,80.0
Devarabisanahalli,1,80.0
Chowdeshwari Layout,1,80.0
Banashankari 6th Stage,1,80.0
BCMC Layout,2,80.0
4 Bedroom Farm House in Bagalur,1,80.0
Vajarahalli,8,79.875
CV Raman Nagar,43,79.5525581395349
Naidu Layout,2,79.5
Byrathi Village,6,79.33333333333333
TC Palaya,60,79.33266666666667
"TR Mill Road, Chamarajpet",1,79.0
Gattigere,2,79.0
Shirdi Sai Layout,2,78.815
Sarjapura - Attibele Road,17,78.74000000000001
Varanasi,6,78.41666666666667
Nagavarapalya,15,78.38933333333334
Kaikondrahalli,17,78.10588235294118
Nanjappa Layout,3,78.09333333333333
Maruthi nagar kogilu,1,78.0
Chikka Gowdanapalya.,1,78.0
Brooke Bond First Cross,4,78.0
Kathriguppe,22,77.99227272727273
8th Phase JP Nagar,57,77.97535087719298
Govindpura,5,77.792
Magadi Road,25,77.6266
Sneha Colony,2,77.5
RK Layout 2nd Stage,1,77.5
Akshya Nagar,5,77.454
Banashankari stage 2,1,77.25
Banashankari 2 nd Stage,1,77.25
P Krishnappa Layout,1,77.0
Medahalli,9,76.38888888888889
Kumbena Agrahara,3,76.23666666666666
Peenya,9,76.21111111111111
Herohalli,4,76.125
Thyagraj Nagar,1,76.0
Mahadevpura,31,75.91580645161291
LB Shastri Nagar,11,75.72727272727273
Lavakusha Nagar,4,75.5
"Lakshminarayanapura, Electronic City Phase 2",1,75.5
Somasundara Palya,28,75.25357142857142
Bagalur,5,75.174
Tumkur Road,33,75.01060606060607
Zuzuvadi,1,75.0
T K Reddy Layout,1,75.0
Sadduguntepalya,1,75.0
Ramanagara Channapatna,1,75.0
Mallappa Layout,1,75.0
JakkurYelahanka,1,75.0
Gopal Reddy Layout,1,75.0
DUO Layout,1,75.0
Battarahalli,24,74.81875
Jigani,54,74.76277777777777
Thirumenahalli,8,74.52625
KSRTC Layout,3,74.16666666666667
Panathur,51,74.06666666666666
"ravindra nagar, T.dasarahalli peenya",1,74.0
Vasantha Vallabha Nagar,5,74.0
Hennagara,2,74.0
Kenchenhalli,3,73.99666666666667
Rajiv Gandhi Nagar,6,73.83333333333333
Seetharampalya,8,73.75
Tasker Town,3,73.66666666666667
Chennammana Kere,9,73.57444444444445
Vibhutipura Extension,2,73.5
Kalena Agrahara,33,73.48484848484848
manyata park,2,73.41
Doddakannelli,6,73.33333333333333
T.C PALYA,3,73.0
Suragajakkanahalli,2,73.0
Hennur,55,72.929
Shampura,13,72.92307692307692
Lingarajapuram,9,72.76222222222222
Doddanakundi Industrial Area 2,6,72.50166666666667
Ncpr Industrial Layout,1,72.5
Rachenahalli,56,72.45125
Hongasandra,8,72.375
Moodalapalya,4,72.25
AMS Layout,4,72.25
"JP nagar 9th Phase, ",1,72.0
Devi Nagar,5,71.8
Vignana Nagar,9,71.61111111111111
Singasandra,27,71.5
Hosapalya,3,71.33333333333333
Chikkalasandra,30,71.17033333333333
Hormavu,74,71.1152027027027
Whitefield ECC Road,1,71.05
Mallasandra,16,71.049375
Vittasandra,43,71.02093023255814
Nyanappana Halli,4,71.0
Govindapura,3,71.0
Chikka Banaswadi,3,71.0
Kaggalipura,19,70.92105263157895
Crimson Layout,3,70.66666666666667
Channasandra Layout,7,70.57142857142857
Kanakpura Road,273,70.53379120879119
Tata Nagar,4,70.5
Hosa Road,72,70.33375
Virat Nagar,5,70.148
basaveshwarnagar,1,70.0
"Varthur Road, ",2,70.0
Park View Layout,1,70.0
Narayanappa Garden,1,70.0
Malimakanapura,1,70.0
Mahaganapathy Nagar,2,70.0
Karnataka Shabarimala,1,70.0
Hosahalli,1,70.0
Attiguppe,1,70.0
Anugrah Layout,2,70.0
"Annapoorneshwari Layout, JP nagar 7th phase",1,70.0
Budigere,54,69.90379629629629
Dena Bank Colony,2,69.75
Chikkabanavar,13,69.6923076923077
Kodichikkanahalli,27,69.64814814814815
Nallurhalli,8,69.0
Koppa,2,69.0
Daadys Gaarden Layout,3,69.0
Varthur,70,68.89442857142856
Arehalli,3,68.67666666666666
Venugopal Reddy Layout,3,68.66666666666667
Begur,16,68.63125
Reliaable Tranquil Layout,8,68.375
Anjappa Layout,3,68.33333333333333
Bharathi Nagar,12,68.31166666666667
Mysore Road,50,68.2984
Basavanapura,8,68.27125000000001
Wheelers Road,1,68.0
Virudhu Nagar,1,68.0
Silver Springs Layout,4,68.0
Sampigehalli,2,68.0
Gattahalli,3,67.83333333333333
Naganathapura,10,67.685
BTM 4th Stage,3,67.66666666666667
"Whitefield, ",2,67.5
Omkar Nagar,2,67.5
Akshayanagara West,2,67.5
Veerannapalya,3,67.33333333333333
Adityanagar,3,67.33333333333333
Pai Layout,19,67.26315789473684
AGS Layout,7,67.25285714285714
RWF West Colony,4,66.82
Vishwapriya Layout,12,66.66666666666667
Sunkadakatte,5,66.4
Ganga Nagar,10,66.3
Subramanyapura,43,65.96558139534883
Madiwala,7,65.92857142857143
Margondanahalli,26,65.85615384615384
Vinayaka Nagar,4,65.75
Nelamangala,8,65.6875
Horamavu Banaswadi,28,65.48214285714286
Banashankari Stage V,12,65.14583333333333
B Narayanapura,9,65.03444444444443
Thirupalya,1,65.0
PNS Layout,1,65.0
Kannur,2,65.0
KHB Colony Extension,1,65.0
Jaraganahalli Jp Nagar Post,1,65.0
HAL Layout,1,65.0
Garebhavipalya,2,65.0
Ganga Nagar Extension,1,65.0
Adugodi,1,65.0
3rd Stage Raja Rajeshwari Nagar,1,65.0
1st Stage Domlur,1,65.0
Marsur,11,64.9090909090909
Raja Rajeshwari Nagar,171,64.71403508771934
Kithaganur,3,64.66666666666667
Kurubarahalli,5,64.2
Maragondanahalli,6,64.04166666666667
Anjanapura,16,64.02437499999999
Pattanagere,5,64.0
"Kudlu Village, ",1,64.0
VGP Layout,5,63.6
Doddakammanahalli,7,63.5
Chennammanakere Achukattu,2,63.5
KEB Colony,2,63.42
Ankappa Layout,3,63.333333333333336
Kenchenahalli,16,63.25
Kacharakanahalli,6,63.06
Mylasandra,4,63.0
Anantapuram,1,63.0
3rd Phase Iti Layout,1,63.0
 Devarachikkanahalli,14,62.714285714285715
Hennur Busstop,1,62.7
Narayana Nagar 1st Block,3,62.666666666666664
Roopena Agrahara,8,62.61375
Rayasandra,22,62.591818181818184
Channasandra,38,62.578421052631576
Kullappa Colony,2,62.5
Kadarenahalli,2,62.5
Jai Bheema Nagar,2,62.5
Tejaswini Nagar,7,62.142857142857146
Vimanapura,3,62.0
Vijaya Bank Colony,1,62.0
St Thomas Town,1,62.0
Masjid e Alkareem,1,62.0
KPC Layout,1,62.0
Immadihalli,4,62.0
AECS Layout,12,61.964999999999996
"Hoodi Circle, ",7,61.699999999999996
Kaval Byrasandra,22,61.59090909090909
Suraksha Nagar,6,61.498333333333335
Kengeri,73,61.441506849315076
Udayapur Village,4,61.415000000000006
Canara Bank Colony,7,61.339999999999996
Kaggadasapura,64,61.284375
Uttarahalli,186,61.252526881720435
Bommanahalli,35,61.07971428571428
Gottigere,48,61.017291666666665
Viswajit Layout,1,61.0
Ashirvad Colony,6,61.0
Chelekare,6,60.9
Balagere,45,60.88988888888888
Mallathahalli,5,60.815999999999995
tc.palya,4,60.75
Singanayakanahalli,3,60.666666666666664
Kumarapalli,4,60.65
Pattandur Agrahara,11,60.51363636363636
Hoskote,22,60.40863636363636
Nagappa Reddy Layout,10,60.32000000000001
Kadugondanahalli,5,60.17999999999999
Kanakapura,42,60.142738095238094
rr nagar,1,60.0
Udayagiri,1,60.0
T.C. Palya,1,60.0
Sabari Nagar,1,60.0
Prakruthi Nagar,1,60.0
Panduranga Nagar,2,60.0
Nirman Layout,1,60.0
Maheswari Nagar,1,60.0
Dodda Kempaiah Layout,2,60.0
Chikbasavanapura,1,60.0
"Ananthapura, T C palaya Main Road",1,60.0
Amruthnagar,5,59.7
Thomas Town,2,59.5
Green Woods Layout,2,59.5
Friends Colony,2,59.5
Dr Shivarama Karantha Nagar,2,59.5
Baba Nagar,3,59.083333333333336
Shettigere,3,59.0
Puttanahalli,4,59.0
Kodipalya,3,59.0
Hallehalli,2,59.0
Ashwini layout,3,59.0
Kothannur,26,58.92884615384616
Glass Factory Layout,4,58.75
Air View Colony,1,58.5
Singapura Village,7,58.42857142857143
Sai Gardens,4,58.25
Begur Road,84,58.17321428571428
elachenahalli,1,58.0
Stage-4 Bommanahalli,5,58.0
Reliable Woods Layout,1,58.0
Jagajyothi layout,1,58.0
Divya Unnathi Layout,4,57.85
Kudlu,29,57.77379310344828
Byrasandra,7,57.714285714285715
Virupakshapura,3,57.666666666666664
Telecom Layout,3,57.666666666666664
Hanumanth Nagar,4,57.587500000000006
Hessarghatta,7,57.57142857142857
Jakkuru Layout,5,57.54
Green Garden Layout,2,57.5
Amam Enclave Layout,2,57.5
Janatha Colony,2,57.415
Anandapura,27,57.38
Kashi Nagar,3,57.333333333333336
kadubisnahalli,1,57.0
Muneshwara Nagar,2,57.0
GM Palaya,12,56.82916666666667
Geddalahalli,4,56.75
Basapura,10,56.7
Ayappa Nagar,3,56.666666666666664
SRINIVASAPURA,2,56.589999999999996
mvj engineering college,1,56.53
Neelamangala,2,56.5
Jalahalli East,14,56.46857142857143
Doddakallasandra,14,56.22071428571428
manyata tech park,1,56.0
HOSUR RMAIN ROAD,1,56.0
GD Layout,2,56.0
Maithri Layout,5,55.726
HOSUR MAIN ROAD,7,55.714285714285715
Kengeri Hobli,3,55.666666666666664
Devarachikkanahalli,3,55.666666666666664
Motappa Layout,6,55.544999999999995
Atmananda Colony,3,55.333333333333336
Doddagubbi,4,55.25
Electronics City Phase 1,88,55.10181818181818
Tippenahalli,1,55.0
Sadhguru Layout,1,55.0
Ramchandrapuram,2,55.0
Punappa Layout,1,55.0
Prakash Nagar,1,55.0
Addischetan Layout,1,55.0
2nd Block Hbr Layout,1,55.0
Electronic City,302,54.972384105960266
KUDLU MAIN ROAD,9,54.888888888888886
Vinayak Nagar,3,54.833333333333336
Kallumantapa,5,54.6
Kengeri Satellite Town,40,54.590875000000004
Raja Rajeshwari Nagar 5th Stage,4,54.582499999999996
Devasthanagalu,6,54.5
Kalkere,10,54.4
Varthur Road,15,54.38533333333333
Sonnenahalli,22,54.31340909090909
Popular Colony,1,54.0
"Basnashankari,6th stage,",1,54.0
Silk Board,5,53.970000000000006
Horamavu Agara,42,53.81904761904761
Coconut Grove Layout,5,53.8
Ramanashree Enclave,2,53.75
Shikaripalya,8,53.71125000000001
Upadhyaya Layout,2,53.5
Doddabidrakallu,2,53.5
Bidrahalli,2,53.5
Belatur,3,53.333333333333336
Abbigere,24,53.30583333333333
Nagondanahalli,5,53.3
Sidedahalli,8,53.2875
Doctors Layout,7,53.114285714285714
Babusapalaya,25,53.1004
Srigandada Kaval,1,53.0
"Panathur Road, ",1,53.0
Kalkere Channasandra,1,53.0
Bhuvaneshwari Nagar,6,52.580000000000005
Veersandra,2,52.5
Shingapura,2,52.5
NTI Layout,1,52.5
Sadaramangala,3,52.49333333333333
Kanakapura main  Road,1,52.33
Hoysalanagar,8,52.25
Manonarayanapalya,1,52.0
Howthinarayanappa Garden,1,52.0
Chikkanahalli,1,52.0
 Whitefield,1,52.0
Gollahalli,9,51.900000000000006
Mangammanapalya,3,51.833333333333336
Gulimangala,3,51.666666666666664
Gollarapalya Hosahalli,13,51.46153846153846
Dwaraka Nagar,1,51.0
Yelenahalli,13,50.79923076923077
Tirumanahalli,3,50.4
Bommasandra,37,50.350540540540536
manyata,1,50.11
Sulthangunta,1,50.0
Suddaguntepalya,4,50.0
Subash Nagar,2,50.0
Sree Narayana Nagar,1,50.0
Sonam Layout,1,50.0
"Maragondana Halli, kr puram, old madras road",1,50.0
K G Colony,1,50.0
Hommadevanahalli,1,50.0
Gulakamale,1,50.0
Govindraja Nagar,1,50.0
"Electronic City Phase 1, ",1,50.0
Chikkajala,1,50.0
Chambenahalli,1,50.0
Bhattarahalli,1,50.0
Adarsh Nagar,1,50.0
 Basavangudi,1,50.0
Vasanthpura,2,49.91
Dasanapura,16,49.903125
Ramamurthy Nagar Extension,4,49.565
"Kirloskar layout, Basaveshwarnagar",1,49.5
Amarjyothi Colony,2,49.5
Bethel Nagar,3,49.0
Samethanahalli,6,48.833333333333336
T C Palya main Road,1,48.72
Basava Nagar,3,48.699999999999996
Duvasapalya,1,48.6
Parappana Agrahara,16,48.5625
Chokkanahalli,2,48.5
Electronic City Phase II,132,48.31666666666667
"Judicial Layout, Kanakapura Road, ",4,48.25
kanakapura road,1,48.06
Vittal Nagar,3,48.0
Vijayabank bank layout,1,48.0
S R Layout,1,48.0
PC Palaya,1,48.0
Jaladarsini Layout,1,48.0
Gangondanahalli,1,48.0
Chickpet,1,48.0
Bandepalya,1,48.0
Hagadur,3,47.833333333333336
Akash Nagar,1,47.8
Chennappa Layout,4,47.45
Hegganahalli,3,47.0
Duddanahalli,1,47.0
Shree Ananth Nagar Layout,6,46.916666666666664
NGR Layout,14,46.75785714285714
Sompura,12,46.583333333333336
Attibele,42,46.43666666666667
Devara Jeevanahalli,3,46.333333333333336
2nd Phase Judicial Layout,11,46.18181818181818
Prasanth Extension,1,46.14
Mariyannapalya,2,46.0
Kamdhenu Nagar,1,46.0
Gaundanapalya,1,46.0
Chinnapanahalli,4,46.0
Chikkadunnasandra,5,46.0
Chellikere,1,46.0
"Ananthanagar Phase 1,Electronic City , phase 2",1,45.9
Kanakapura  Rod,1,45.68
Chikkathoguru,4,45.625
"Electronic city Phase 1, ",2,45.5
Jalahalli West,8,45.46
Raja Rajashweri Nagar,1,45.12
Kenchanehalli R R Nagar,1,45.12
Suryanagar,1,45.0
Rajapura,2,45.0
MM Layout,1,45.0
Kengeri Satellite Town KHB Apartment,1,45.0
K R C kothanur,1,45.0
GB Palya,1,45.0
Byrasandra Extension,1,45.0
Anathanagar,1,45.0
Rajarajesheari nagar,1,44.8
Doddabanahalli,5,44.666
Kada Agrahara,5,44.6
Kambipura,24,44.33375
Yarandahalli,2,44.05
Sri Venkateshpura Layout,2,44.0
Saptagiri Layout,1,44.0
Chuchangatta Colony,1,44.0
Mailasandra,1,43.66
Doddathoguru,30,43.413
Kanakapur main road,1,43.04
Alfa Garden Layout,4,42.8
Abbaiah Reddy Layout,6,42.74
Pragathi Nagar,4,42.59875
Konappana Agrahara,1,42.5
Venkatadri Layout,3,42.333333333333336
Satyasaibaba Layout,1,42.25
Virgonagar,1,42.2
Green View Layout,7,42.142857142857146
Austin Town,7,42.142857142857146
adigondanhalli,1,42.0
Seethappa Layout,1,42.0
Maruthi Layout,1,42.0
Ckikkakammana Halli,1,42.0
"Bidere Agarahara, Behind Safal market",1,42.0
Aavalahalli,1,41.94
Vasanthapura,12,41.92916666666667
Bisuvanahalli,51,41.72509803921569
P&T Layout,3,41.36666666666667
Dommasandra,13,41.02846153846153
Prestige Sunrise,1,41.0
Madavara,2,41.0
Bommasandra Industrial Area,26,40.949615384615385
JCR Layout,4,40.32
NR Colony,1,40.05
Tilak Nagar,1,40.0
Rajagopala Nagar,1,40.0
Javarandoddi,1,40.0
Huskur,8,39.877500000000005
Gunjur Palya,10,39.806
Volagerekallahalli,9,39.50666666666667
Maruthi HBCS Layout,1,39.5
Dominic Layout,1,39.14
"Electronic city phase 1, ",1,39.0
Sri Sai Layout,2,38.7
Kammasandra,29,38.054482758620686
Vikram Nagar,1,38.0
MLA Layout,2,38.0
Kachanayakanahalli,3,38.0
Harsha Layout,4,38.0
Hanumagiri,1,38.0
Belathur,5,38.0
Asthagrama Layout,1,38.0
Anekal,36,37.95833333333333
Vasatha Vallbha Nagar,1,37.8
Kanakapura Main Road,1,37.8
Rajanna Layout,1,37.6
BSM Extension,4,37.5
BDS Layout,1,37.5
Sunkan palya,1,37.0
 Mysore Highway,4,36.875
Sanne Amanikere,3,36.666666666666664
Kothnoor Dinne,2,36.5
Balaji Gardens Layout,2,36.5
kanakapura main road,1,36.44
Vasantapura main road,1,36.28
Sugama Layout,1,36.0
Shakthi Nagar,1,36.0
Doddabele,1,36.0
Tunganagara,3,35.92333333333334
Kereguddadahalli,16,35.81875
Jeevanhalli,1,35.0
BAGUR ROAD,1,35.0
Annaiah Reddy Layout,2,35.0
 Banaswadi,1,35.0
Thirumalashettyhally,1,34.46
Chandapura,100,34.01554999999998
RR Nagar,1,34.0
Madanayakahalli,1,34.0
Ananth Nagar,30,33.713
Kodathi,4,33.325
Chokkasandra,1,33.0
Jyothi Nagar,2,32.75
whitefiled,1,32.73
Vidhyanagar Cross,1,32.0
Shanthi Pura,1,32.0
sankeswari,1,31.7
Kadabagere,5,31.7
Iggalur,1,30.5
Anwar Layout,2,30.195
Soundarya Layout,2,29.5
Narasapura,1,29.5
Hoskote near,1,29.5
Lake City,4,29.2
Weavers Colony,3,27.333333333333332
Bhagyalakshmi Avenue,3,26.836666666666662
Phase 1 Kammasandra,2,26.59
Byagadadhenahalli,5,26.2
 Thanisandra,3,26.166666666666668
KG Halli,1,26.0
Soppahalli,1,25.0
Keerthi Layout,1,25.0
Gollarahatti,1,24.5
Venkateshpuram,1,24.0
Geleyara Balaga Layout,2,24.0
 Rachenahalli,2,23.9
 Electronic City,2,23.25
 Bhoganhalli,1,22.89
Allalasandra,1,22.0
P&T Colony,1,20.03
Venkateswara Nagar,1,20.0
Shauhardha Layout,1,20.0
Pillanna Gardens,1,20.0
Kengeri Satellite Town Stage II,1,20.0
Bilal Nagar,1,20.0
Celebrity Paradise Layout,2,19.244999999999997
BAGUR,1,17.0
Makali,3,16.0
 Anekal,1,16.0
Alur,3,15.0
